store,visits 2019-W36,visits 2019-W35,visits 2018-W36
bayshore,1225,1526,1154.0
GEA,908,913,
chicoutimi,1304,1315,
REGIONAL_ON,1106,1168,715.0
Fairview,1577,1631,1350.0
stefoy,2037,1857,
mtltrust,2876,2997,3985.0
marketmall,1925,1780,
rivieres,1048,1075,1160.0
Alberta,2833,2693,
GOA,4257,4413,2433.0
GVA,2452,3182,
GQA,3684,3605,2355.0
gcapitale,1647,1748,2355.0
pacificcentre,1444,2030,
guildford,1008,1152,
scarborough,1270,1589,1133.0
mapleview,1205,1527,
Grand_Total,47238,49864,27246.0
GCA,1925,1780,
Manitoba,1494,2002,
Quebec,22798,22769,15968.0
ottawa,1465,1447,1279.0
squareone,1989,2032,
vaughan,1198,1481,
sherway,1514,1757,1500.0
uppercanada,1277,1386,1143.0
gatineau,1567,1440,
Ontario,17661,19218,11278.0
GMA,13808,14054,12453.0
sherbrooke,1387,1280,
oshawa,1005,958,717.0
westedmonton,908,913,
polopark,1494,2002,
dix30,1282,1230,1284.0
limeridge,1166,1236,1192.0
eatonto,3241,3111,2445.0
GWA,1494,2002,
anjou,2026,2139,2149.0
massonville,1106,1168,715.0
stbruno,2543,2698,
GTA,13865,15077,8130.0
British Columbia,2452,3182,
REGIONAL_QC,3739,3670,1160.0
laval,3504,3359,3685.0
